player,age,team,pos,g,gs,mp,ortg,drtg,year,season,player_id,per,ts_percent,ows,dws,ws,obpm,dbpm,bpm,vorp,salary,current_team,gs_perc,amp,type,fixed_name,ortg_perc_rk,drtg_perc_rk,per_perc_rk,ts_percent_perc_rk,ows_perc_rk,dws_perc_rk,ws_perc_rk,obpm_perc_rk,dbpm_perc_rk,bpm_perc_rk,vorp_perc_rk
P.J. Tucker,37.0,PHI,PF,75.0,75.0,1920.0,117.0,116.0,2023,22-23,/players/t/tuckepj01.html,5.7,0.566,0.9,1.7,2.5,-3.2,0.2,-3.0,-0.5,,,1.0,25.6,Starter,P.J. Tucker,0.6224489795918368,0.4035250463821892,0.04916512059369202,0.487012987012987,0.5890538033395176,0.7374768089053804,0.6410018552875696,0.21614100185528756,0.5871985157699443,0.2847866419294991,0.0575139146567718
P.J. Tucker,38.0,2TM,PF,31.0,10.0,486.0,120.0,116.0,2024,23-24,/players/t/tuckepj01.html,5.9,0.507,0.2,0.5,0.7,-4.0,0.4,-3.6,-0.2,,,0.3225806451612903,15.67741935483871,Bench,P.J. Tucker,0.7141608391608392,0.4825174825174825,0.09178321678321678,0.22115384615384615,0.40559440559440557,0.41083916083916083,0.40734265734265734,0.17482517482517482,0.6643356643356644,0.24825174825174826,0.1756993006993007
